{"cameraMode":{"drawMode":0,"name":"Shaded","section":"Shading Mode"},"sceneLighting":true,"audioPlay":false,"sceneViewState":{"showFog":true,"showMaterialUpdate":false,"showSkybox":true,"showFlares":true,"showImageEffects":true,"showParticleSystems":true},"in2DMode":false,"pivot":{"x":-3.0169999599456789,"y":1.6119999885559083,"z":-2.2100000381469728},"rotation":{"x":0.1914546638727188,"y":0.6519038677215576,"z":-0.17516739666461945,"w":0.7125218510627747},"size":2.0541138648986818,"orthographic":true}